beef,smoked meats,Alessandri,John Dory,    Pacific lamprey
ground beef,snails,salami,    Acanthogobius flavimanus,    Pacific ocean perch
sirloin,snake,alpino,    African butter catfish,    Pacific saury
ground sirloin,spam,arles,    Alaska pollock,    Pagellus bellottii
ground chuck,sparrow,bangers,    American plaice,    Panfish
ground round,squab,bologna,    Andean catfish,    Patagonian toothfish
eye of round,squid,beef bologna,    Anglerfish,    Pejelagarto
pork,squirrel,turkey sausage,    Okhotsk atka mackerel,    Pellona ditchela
pork loin,swan,chicken sausage,    Archosargus probatocephalus,    Pellona harroweri
pork chops,sweetbreads,drief beef,    Arctic char,    Perch
chicken,terrapin,beef salami,    Arctic lamprey,    Peruvian Pacific sardine
boneless skinless chicken breast,tilapia,beerwurst,    Arrowtooth flounder,    Petrale sole
abalone,tendon,cheedarwurst,    Atlantic bonito,    Plaice
alligator,tongue,burliner-style sausage,    Atlantic croaker,    Pollachius pollachius
bacon,tripe,blood sausage,    Atlantic halibut,    Pollachius virens
badger,trout,blood and tongue sausage,    Atlantic Spanish mackerel,    Pollock
bass,tuna,blutwurst,    Australasian snapper,    Pterygoplichthys
balut,turkey,bockwurst,    Australian blacktip shark,    Pterygoplichthys multiradiatus
bison,turtle,chub bologna,    Auxis,    Red drum
buffalo,uni,ham-style bologna,    Basa fish,    Redband trout
capon,veal,boterhamwurst,    Bass,    Remo flounder
cat,venison,Braunschweiger,    Beardslee trout,    Rhinogobius giurinus
chicken,whelk,capacolla,    Billfish,    Ridged-eye flounder
chucker,wild boar,Cervelat,    Black crappie,    Rikuzen flounder
clams,wild duck,summer sausage,    Black drum,    Rock salmon
cod,wild goose,FARMER CERVELAT,    Blue ling,    Rock sole
conch,prime rib,GOETTINGER CERVELAT,    Blue-backed fish,    Rose fish
corned beef,rib eye steak,GOTEBORG CERVELAT,    Bluefish,    Rough fish
cornish hen,steak,GOTHAER,    Bluegill,    Roughback sea catfish
crab,brisket,HOLSTEINER CERVELAT,    Bonito,    Roughscale sole
crawfish,pastrami,LANDJAEGER CERVELAT,    Boops boops,    Salangidae
cuttlefish,shank,THURINGER CERVELAT,    Brown spotted reef cod,    Sand whiting
deviled meats,ham shank,chorizo,    Butter sole,    Sarda
dog,skirt steak,corned beef,    California halibut,    Sargo
dove,filet mignon,cotto salami,    California sheephead,    Sciaenidae
dried beef,tenderloin,deviled ham,    Californian anchovy,    Scorpaena guttata
duck,ribeye,dutch loaf,    Carp,    Scrod
duckling,beauty steak,frankfurters,    Catfish,    Sebastes
eels,market steak,frizzes,    Cobia,    Sebastes inermis
elk,delmonico steak,garlic sausage,    Cod,    Short mackerel
fish,spencer steak,genoa salami,    Cod,    Slender sole
foie gras,scotch filet,goetta,    Common dab,    Slime flounder
frankfurters,new york strip,head cheese,    Common ling,    Smallmouth bass
frog legs,kansas city strip,honey loaf,    Common sole,    Smelt
gerbil,top sirloin,knackwurst,    Crappie,    Snakehead
goat,top loin,kosher salami,    Cutlips minnow,    Spot croaker
goose,shell steak,lebanon bologna,    Daggertooth pike conger,    Stephanolepis cirrhifer
grouse,filet mignon,Linguica,    Deepwater redfish,    Streaked Spanish mackerel
guinea fowl,t-bone steak,liver cheese,    Dusky sole,    Tatami Iwashi
puinea pig,porterhouse,liver loaf,    Eastern nannygai,    Thunnus
gulls,whole chicken,liver sausage,    Fish products,    Tilapia
ham,chicken halves,liverwurst,    Eremophilus mutisii,    Tilefish
hamburger,chicken breast,lola,    European anchovy,    Trachurus lathami
hamster,chicken breast quarters,lolita,    European flounder,    Trisopterus esmarkii
hare,breast quarters,luncheon meat,    European plaice,    Tub gurnard
herring,split breast,lyons sausage,    European sprat,    Tuna
horsemeat,split chicken breast,mettwurst,Fera,Vermilion snapper
jerky,chicken wings,milano salami,    Finnan haddie,    Walleye
kangaroo,chicken thighs,minced luncheon specialty,    Fish farming,    Wedge sole
kidney,chicken drumsticks,mortadella,    Fish preservation,    West African Spanish mackerel
kippers,drumsticks,old fashioned loaf,    Flake,    White bass
lamb,ground pork,olive loaf,    Flatfish,    White crappie
liver,fresh pork leg,pastrami,    Flathead sole,    Whitebait
lobster,pork leg,peppered loaf,    Flounder,    Whitefish
monkey,pork shoulder,pickle and palmento loaf,    Freshwater Sardinella,    Witch
moose,loin roast,pork sausage,    Kamchatka flounder,    Yellowfin sole
mussels,canadian bacon,Proscuitto,    Kampango,    Yellowtail snapper
mutton,bacon,Salsiccia,    Kapenta,Zander
octopus,sausage,scrapple,    King mackerel,
offal,ribs,souse of sulz,    Konosirus punctatus,
opossum,riblets,smokies,    Lake Crescent cutthroat trout,
oysters,baby back ribs,sausage links,    Lamprey,
partridge,back ribs,breakfast sausage,    Lampuki netting,
pea fowl,pork belly,tongue,    Larimichthys crocea,
pemmican,country-style ribs,veal loaf,    Larimichthys polyactis,
periwinkle,crown roast,vienna sausage,    Leiopotherapon plumbeus,
pheasant,pork cutlet,weisswurst,    Lemon sole,
pigeon,pork rib roast,wiener,    Leucopsarion petersii,
pork,rack of pork,hot dog,    List of fish dishes,
pork roll,spareribs,    Haddock,    Lophius,
prairie chicken,tenderloin,    Hagfish,    Mahi-mahi,
prawns,blade steak,    Hake,    Merlangius,
ptarmigan,smoked hocks,    Halibut,    Micropterus,
puffin,fresh shanks,    Hardhead catfish,    Milkfish,
quail,pork chop,    Hilsa kelee,    Pond loach,
rabbit,lamb shoulder,    Hoplosternum,    Monkeyface prickleback,
raccoon,lamb loin roast,    Hypostomus,    Monkfish,
rattlesnake,lamb arm chop,    Gadus,    Mrigal,
reindeer,lamb boneless leg,    Giant barb,    New Zealand brill,
rook,lamb blade chop,    Gilt-head bream,    Northern rock sole,
salmon,lamb foreshank,    Greenland halibut,    Odontesthes regia,
salted meats,lamb shank,    Grouper,    Oily fish,
sardines,lamb breast shank,    Ilish,,
sashimi,lamb rib chops,    Ilisha africana,,
sausage,lamb chops,    Ilisha elongata,,
scallops,lamb loin,    Indian mackerel,,
scrapple,lamb loin chop,    Indo-Pacific king mackerel,,
seal,italian sausage,    Indonesian ocellated flounder,,
sharkmeat,bratwurst,Japanese anchovy,,
shrimp,kielbasa,Japanese snapper,,