Preparation Utensil,Cookware/Bakeware,Heating Mechanism
Apple corer,Baking pan,Oven
Apple cutter,Beanpot,Stove
Baster,Chip pan,stovetop
Biscuit cutter,Cookie sheet,Microwave
Biscuit press,Cooking pot,grill
Blow torch,Crepe pan,fryer
Boil over preventer,Double boiler,deep fryer
Bottle opener,Doufeu,range
Bowl,Dutch oven,broiler
Bread knife,Food processor,microwave oven
Browning tray,Frying pan ,griddle
Butter curler,Griddle,
Cake server,Karahi,
Cheese knife,Kettle,
Cheesecloth,Pan,
Chef's knife,Pressure cooker,
Cherry pitter,Ramekin,
Chinoise,Roasting pan,
Colander,Roasting rack,
Corkscrew,Saucepan,
Crab cracker,Saucier ,
Cutting board,Sauté pan,
Dough scraper,Splayed Sauté pan,
Egg piercer,Soufflé dish,
Egg poacher,Springform pan,
Egg separator,Stockpot,
Egg slicer,Tajine,
Egg timer,Bundt cake,
Fillet knife,Wok,
Fish scaler,Wonder Pot,
Fish slice,Skillet,
Flour sifter,Kugelhopf Pan,
Food mill,Cake Pan,
Funnel,Tube Pan,
Garlic press,Tava,
Grapefruit knife,Tawa,
Grater,,
Gravy strainer,,
Herb chopper,,
Ladle,,
Lame,,
Lemon reamer,,
Lemon squeezer,,
Lobster pick,,
Mandoline,,
Mated colander pot,,
Measuring jug,,
Measuring spoon,,
Meat grinder,,
Meat tenderiser,,
Meat thermometer,,
Melon baller,,
Mezzaluna,,
Mortar and pestle,,
Nutcracker,,
Nutmeg grater,,
Oven glove,,
Pastry bag,,
Pastry blender,,
Pastry brush,,
Pastry wheel,,
Peel,,
Peeler,,
Pepper mill,,
Pie bird,,
Pizza cutter,,
Potato masher,,
Potato ricer,,
Pot-holder,,
Poultry shears,,
Ricer,,
Roller docker,,
Rolling pin,,
Salt shaker,,
Scales,,
Scissors,,
Scoop,,
Shellfish scraper,,
Sieve,,
Slotted spoon,,
Spatula,,
Spider,,
Sugar thermometer,,
Tamis,,
Tin opener,,
Tomato knife,,
Tongs,,
Trussing needle,,
Whisk,,
Wooden spoon,,
Zester,,
pie server,,
baking sheet
large bowl
bowl 
oven 
